"filename", "language", "Java", "Java Properties", "XML", "comment", "blank", "total"
"c:\Users\LEnovo\OneDrive\Documentos\NetBeansProjects\MinsaFlatLaf\build\classes\Dao\ParticipanteDAO.class", "Java", 47, 0, 0, 0, 0, 47
"c:\Users\LEnovo\OneDrive\Documentos\NetBeansProjects\MinsaFlatLaf\build\classes\Dao\ProgramaDAO.class", "Java", 8, 0, 0, 0, 0, 8
"c:\Users\LEnovo\OneDrive\Documentos\NetBeansProjects\MinsaFlatLaf\build\classes\Dao\ProgramaDAOImpl.class", "Java", 34, 0, 0, 0, 0, 34
"c:\Users\LEnovo\OneDrive\Documentos\NetBeansProjects\MinsaFlatLaf\build\classes\Dao\RolAccesoDAO.class", "Java", 4, 0, 0, 0, 0, 4
"c:\Users\LEnovo\OneDrive\Documentos\NetBeansProjects\MinsaFlatLaf\build\classes\Dao\RolAccesoDAOImpl.class", "Java", 20, 0, 0, 0, 0, 20
"c:\Users\LEnovo\OneDrive\Documentos\NetBeansProjects\MinsaFlatLaf\build\classes\DashboardFrame$1.class", "Java", 12, 0, 0, 0, 0, 12
"c:\Users\LEnovo\OneDrive\Documentos\NetBeansProjects\MinsaFlatLaf\build\classes\Modelo\Participante.class", "Java", 1, 0, 0, 0, 0, 1
"c:\Users\LEnovo\OneDrive\Documentos\NetBeansProjects\MinsaFlatLaf\build\classes\ProgramaView$1.class", "Java", 7, 0, 0, 0, 0, 7
"c:\Users\LEnovo\OneDrive\Documentos\NetBeansProjects\MinsaFlatLaf\build\classes\Vista\AtencionView.class", "Java", 5, 0, 0, 0, 0, 5
"c:\Users\LEnovo\OneDrive\Documentos\NetBeansProjects\MinsaFlatLaf\build\classes\Vista\DashboardFrame.class", "Java", 22, 0, 0, 0, -1, 21
"c:\Users\LEnovo\OneDrive\Documentos\NetBeansProjects\MinsaFlatLaf\build\classes\Vista\FormularioAtencion.class", "Java", -4, 0, 0, 0, 0, -4
"c:\Users\LEnovo\OneDrive\Documentos\NetBeansProjects\MinsaFlatLaf\build\classes\Vista\InicioView.class", "Java", 6, 0, 0, 0, 0, 6
"c:\Users\LEnovo\OneDrive\Documentos\NetBeansProjects\MinsaFlatLaf\build\classes\Vista\Login.class", "Java", 3, 0, 0, 4, 0, 7
"c:\Users\LEnovo\OneDrive\Documentos\NetBeansProjects\MinsaFlatLaf\build\classes\Vista\ParticipanteForm.class", "Java", -33, 0, 0, 0, 0, -33
"c:\Users\LEnovo\OneDrive\Documentos\NetBeansProjects\MinsaFlatLaf\build\classes\Vista\ParticipanteView$1.class", "Java", 11, 0, 0, 0, 0, 11
"c:\Users\LEnovo\OneDrive\Documentos\NetBeansProjects\MinsaFlatLaf\build\classes\Vista\ParticipanteView.class", "Java", 27, 0, 0, 0, 0, 27
"c:\Users\LEnovo\OneDrive\Documentos\NetBeansProjects\MinsaFlatLaf\build\classes\Vista\ProgramaForm$FormListener.class", "Java", 6, 0, 0, 0, 0, 6
"c:\Users\LEnovo\OneDrive\Documentos\NetBeansProjects\MinsaFlatLaf\build\classes\Vista\ProgramaForm.class", "Java", 20, 0, 0, 0, 0, 20
"c:\Users\LEnovo\OneDrive\Documentos\NetBeansProjects\MinsaFlatLaf\build\classes\Vista\ProgramaView$2.class", "Java", 1, 0, 0, 0, 0, 1
"c:\Users\LEnovo\OneDrive\Documentos\NetBeansProjects\MinsaFlatLaf\build\classes\Vista\ProgramaView$3.class", "Java", 16, 0, 0, 0, 0, 16
"c:\Users\LEnovo\OneDrive\Documentos\NetBeansProjects\MinsaFlatLaf\build\classes\Vista\ProgramaView.class", "Java", -31, 0, 0, -13, -1, -45
"c:\Users\LEnovo\OneDrive\Documentos\NetBeansProjects\MinsaFlatLaf\build\classes\Vista\ReportesView.class", "Java", 6, 0, 0, 0, 0, 6
"c:\Users\LEnovo\OneDrive\Documentos\NetBeansProjects\MinsaFlatLaf\build\classes\Vista\UsuarioForm.class", "Java", -53, 0, 0, 0, 0, -53
"c:\Users\LEnovo\OneDrive\Documentos\NetBeansProjects\MinsaFlatLaf\build\classes\Vista\UsuarioView.class", "Java", -4, 0, 0, 0, 0, -4
"c:\Users\LEnovo\OneDrive\Documentos\NetBeansProjects\MinsaFlatLaf\nbproject\private\private.xml", "XML", 0, 0, 8, 0, 0, 8
"c:\Users\LEnovo\OneDrive\Documentos\NetBeansProjects\MinsaFlatLaf\nbproject\project.properties", "Java Properties", 0, 2, 0, 0, 0, 2
"c:\Users\LEnovo\OneDrive\Documentos\NetBeansProjects\MinsaFlatLaf\src\Dao\ParticipanteDAO.java", "Java", 99, 0, 0, 8, 26, 133
"c:\Users\LEnovo\OneDrive\Documentos\NetBeansProjects\MinsaFlatLaf\src\Dao\ProgramaDAO.java", "Java", 10, 0, 0, 8, 3, 21
"c:\Users\LEnovo\OneDrive\Documentos\NetBeansProjects\MinsaFlatLaf\src\Dao\ProgramaDAOImpl.java", "Java", 82, 0, 0, 8, 13, 103
"c:\Users\LEnovo\OneDrive\Documentos\NetBeansProjects\MinsaFlatLaf\src\Dao\RolAccesoDAO.java", "Java", 8, 0, 0, 4, 4, 16
"c:\Users\LEnovo\OneDrive\Documentos\NetBeansProjects\MinsaFlatLaf\src\Dao\RolAccesoDAOImpl.java", "Java", 51, 0, 0, 4, 16, 71
"c:\Users\LEnovo\OneDrive\Documentos\NetBeansProjects\MinsaFlatLaf\src\Modelo\Participante.java", "Java", 2, 0, 0, 0, 2, 4
"c:\Users\LEnovo\OneDrive\Documentos\NetBeansProjects\MinsaFlatLaf\src\Modelo\Programa.java", "Java", 3, 0, 0, 0, 0, 3
"c:\Users\LEnovo\OneDrive\Documentos\NetBeansProjects\MinsaFlatLaf\src\Vista\AtencionView.java", "Java", 5, 0, 0, -25, 3, -17
"c:\Users\LEnovo\OneDrive\Documentos\NetBeansProjects\MinsaFlatLaf\src\Vista\DashboardFrame.java", "Java", 68, 0, 0, -29, 3, 42
"c:\Users\LEnovo\OneDrive\Documentos\NetBeansProjects\MinsaFlatLaf\src\Vista\FormularioAtencion.java", "Java", -8, 0, 0, -4, -2, -14
"c:\Users\LEnovo\OneDrive\Documentos\NetBeansProjects\MinsaFlatLaf\src\Vista\InicioView.java", "Java", 4, 0, 0, 8, 4, 16
"c:\Users\LEnovo\OneDrive\Documentos\NetBeansProjects\MinsaFlatLaf\src\Vista\Login.java", "Java", 13, 0, 0, 0, 2, 15
"c:\Users\LEnovo\OneDrive\Documentos\NetBeansProjects\MinsaFlatLaf\src\Vista\ParticipanteForm.java", "Java", -50, 0, 0, 1, -8, -57
"c:\Users\LEnovo\OneDrive\Documentos\NetBeansProjects\MinsaFlatLaf\src\Vista\ParticipanteView.java", "Java", -3, 0, 0, 1, -9, -11
"c:\Users\LEnovo\OneDrive\Documentos\NetBeansProjects\MinsaFlatLaf\src\Vista\ProgramaForm.java", "Java", 21, 0, 0, -1, 6, 26
"c:\Users\LEnovo\OneDrive\Documentos\NetBeansProjects\MinsaFlatLaf\src\Vista\ProgramaView.java", "Java", -34, 0, 0, -11, -1, -46
"c:\Users\LEnovo\OneDrive\Documentos\NetBeansProjects\MinsaFlatLaf\src\Vista\ReportesView.java", "Java", 4, 0, 0, 8, 4, 16
"c:\Users\LEnovo\OneDrive\Documentos\NetBeansProjects\MinsaFlatLaf\src\Vista\UsuarioForm.java", "Java", 14, 0, 0, -4, 2, 12
"Total", "-", 420, 2, 8, -33, 66, 463