"filename", "language", "XML", "Java", "Java Properties", "comment", "blank", "total"
"c:\Users\LEnovo\OneDrive\Documentos\NetBeansProjects\MinsaFlatLaf\build.xml", "XML", 5, 0, 0, 68, 1, 74
"c:\Users\LEnovo\OneDrive\Documentos\NetBeansProjects\MinsaFlatLaf\build\classes\Dao\Conexion.class", "Java", 0, 17, 0, 0, 0, 17
"c:\Users\LEnovo\OneDrive\Documentos\NetBeansProjects\MinsaFlatLaf\build\classes\Dao\ParticipanteDAO.class", "Java", 0, 47, 0, 0, 0, 47
"c:\Users\LEnovo\OneDrive\Documentos\NetBeansProjects\MinsaFlatLaf\build\classes\Dao\ProgramaDAO.class", "Java", 0, 8, 0, 0, 0, 8
"c:\Users\LEnovo\OneDrive\Documentos\NetBeansProjects\MinsaFlatLaf\build\classes\Dao\ProgramaDAOImpl.class", "Java", 0, 34, 0, 0, 0, 34
"c:\Users\LEnovo\OneDrive\Documentos\NetBeansProjects\MinsaFlatLaf\build\classes\Dao\RolAccesoDAO.class", "Java", 0, 4, 0, 0, 0, 4
"c:\Users\LEnovo\OneDrive\Documentos\NetBeansProjects\MinsaFlatLaf\build\classes\Dao\RolAccesoDAOImpl.class", "Java", 0, 20, 0, 0, 0, 20
"c:\Users\LEnovo\OneDrive\Documentos\NetBeansProjects\MinsaFlatLaf\build\classes\Dao\UsuarioDAO.class", "Java", 0, 39, 0, 0, 0, 39
"c:\Users\LEnovo\OneDrive\Documentos\NetBeansProjects\MinsaFlatLaf\build\classes\DashboardFrame$1.class", "Java", 0, 12, 0, 0, 0, 12
"c:\Users\LEnovo\OneDrive\Documentos\NetBeansProjects\MinsaFlatLaf\build\classes\Modelo\Atencion.class", "Java", 0, 11, 0, 0, 0, 11
"c:\Users\LEnovo\OneDrive\Documentos\NetBeansProjects\MinsaFlatLaf\build\classes\Modelo\Participante.class", "Java", 0, 9, 0, 0, 0, 9
"c:\Users\LEnovo\OneDrive\Documentos\NetBeansProjects\MinsaFlatLaf\build\classes\Modelo\Programa.class", "Java", 0, 11, 0, 0, 0, 11
"c:\Users\LEnovo\OneDrive\Documentos\NetBeansProjects\MinsaFlatLaf\build\classes\Modelo\Usuario.class", "Java", 0, 9, 0, 0, 0, 9
"c:\Users\LEnovo\OneDrive\Documentos\NetBeansProjects\MinsaFlatLaf\build\classes\ProgramaView$1.class", "Java", 0, 7, 0, 0, 0, 7
"c:\Users\LEnovo\OneDrive\Documentos\NetBeansProjects\MinsaFlatLaf\build\classes\Vista\AtencionPanel$1.class", "Java", 0, 9, 0, 0, 0, 9
"c:\Users\LEnovo\OneDrive\Documentos\NetBeansProjects\MinsaFlatLaf\build\classes\Vista\AtencionPanel$2.class", "Java", 0, 23, 0, 0, 0, 23
"c:\Users\LEnovo\OneDrive\Documentos\NetBeansProjects\MinsaFlatLaf\build\classes\Vista\AtencionView$1.class", "Java", 0, 9, 0, 0, 0, 9
"c:\Users\LEnovo\OneDrive\Documentos\NetBeansProjects\MinsaFlatLaf\build\classes\Vista\AtencionView$2.class", "Java", 0, 23, 0, 0, 0, 23
"c:\Users\LEnovo\OneDrive\Documentos\NetBeansProjects\MinsaFlatLaf\build\classes\Vista\AtencionView$ModernTableCellRenderer.class", "Java", 0, 21, 0, 0, 1, 22
"c:\Users\LEnovo\OneDrive\Documentos\NetBeansProjects\MinsaFlatLaf\build\classes\Vista\AtencionView.class", "Java", 0, 106, 0, 0, 0, 106
"c:\Users\LEnovo\OneDrive\Documentos\NetBeansProjects\MinsaFlatLaf\build\classes\Vista\ConfiguracionPanel.class", "Java", 0, 73, 0, 0, 0, 73
"c:\Users\LEnovo\OneDrive\Documentos\NetBeansProjects\MinsaFlatLaf\build\classes\Vista\DashboardFrame$1.class", "Java", 0, 15, 0, 0, 0, 15
"c:\Users\LEnovo\OneDrive\Documentos\NetBeansProjects\MinsaFlatLaf\build\classes\Vista\DashboardFrame.class", "Java", 0, 211, 0, 0, 0, 211
"c:\Users\LEnovo\OneDrive\Documentos\NetBeansProjects\MinsaFlatLaf\build\classes\Vista\FormularioAtencion.class", "Java", 0, 114, 0, 0, 0, 114
"c:\Users\LEnovo\OneDrive\Documentos\NetBeansProjects\MinsaFlatLaf\build\classes\Vista\InicioView.class", "Java", 0, 6, 0, 0, 0, 6
"c:\Users\LEnovo\OneDrive\Documentos\NetBeansProjects\MinsaFlatLaf\build\classes\Vista\Login$1.class", "Java", 0, 21, 0, 0, 0, 21
"c:\Users\LEnovo\OneDrive\Documentos\NetBeansProjects\MinsaFlatLaf\build\classes\Vista\Login$2.class", "Java", 0, 18, 0, 0, 0, 18
"c:\Users\LEnovo\OneDrive\Documentos\NetBeansProjects\MinsaFlatLaf\build\classes\Vista\Login$3.class", "Java", 0, 23, 0, 0, 0, 23
"c:\Users\LEnovo\OneDrive\Documentos\NetBeansProjects\MinsaFlatLaf\build\classes\Vista\Login.class", "Java", 0, 113, 0, 4, 0, 117
"c:\Users\LEnovo\OneDrive\Documentos\NetBeansProjects\MinsaFlatLaf\build\classes\Vista\LoginForm$1.class", "Java", 0, 19, 0, 0, 0, 19
"c:\Users\LEnovo\OneDrive\Documentos\NetBeansProjects\MinsaFlatLaf\build\classes\Vista\LoginForm.class", "Java", 0, 112, 0, 6, 0, 118
"c:\Users\LEnovo\OneDrive\Documentos\NetBeansProjects\MinsaFlatLaf\build\classes\Vista\NotifficacionButton.class", "Java", 0, 5, 0, 0, 0, 5
"c:\Users\LEnovo\OneDrive\Documentos\NetBeansProjects\MinsaFlatLaf\build\classes\Vista\NotificacionView.class", "Java", 0, 56, 0, 0, 0, 56
"c:\Users\LEnovo\OneDrive\Documentos\NetBeansProjects\MinsaFlatLaf\build\classes\Vista\ParticipanteForm.class", "Java", 0, 45, 0, 0, 0, 45
"c:\Users\LEnovo\OneDrive\Documentos\NetBeansProjects\MinsaFlatLaf\build\classes\Vista\ParticipanteView$1.class", "Java", 0, 11, 0, 0, 0, 11
"c:\Users\LEnovo\OneDrive\Documentos\NetBeansProjects\MinsaFlatLaf\build\classes\Vista\ParticipanteView.class", "Java", 0, 91, 0, 0, 0, 91
"c:\Users\LEnovo\OneDrive\Documentos\NetBeansProjects\MinsaFlatLaf\build\classes\Vista\ProgramaForm$FormListener.class", "Java", 0, 6, 0, 0, 0, 6
"c:\Users\LEnovo\OneDrive\Documentos\NetBeansProjects\MinsaFlatLaf\build\classes\Vista\ProgramaForm.class", "Java", 0, 89, 0, 0, 0, 89
"c:\Users\LEnovo\OneDrive\Documentos\NetBeansProjects\MinsaFlatLaf\build\classes\Vista\ProgramaPanel$1.class", "Java", 0, 7, 0, 0, 0, 7
"c:\Users\LEnovo\OneDrive\Documentos\NetBeansProjects\MinsaFlatLaf\build\classes\Vista\ProgramaPanel$2.class", "Java", 0, 14, 0, 0, 0, 14
"c:\Users\LEnovo\OneDrive\Documentos\NetBeansProjects\MinsaFlatLaf\build\classes\Vista\ProgramaView$1.class", "Java", 0, 7, 0, 0, 0, 7
"c:\Users\LEnovo\OneDrive\Documentos\NetBeansProjects\MinsaFlatLaf\build\classes\Vista\ProgramaView$2.class", "Java", 0, 15, 0, 0, 0, 15
"c:\Users\LEnovo\OneDrive\Documentos\NetBeansProjects\MinsaFlatLaf\build\classes\Vista\ProgramaView$3.class", "Java", 0, 16, 0, 0, 0, 16
"c:\Users\LEnovo\OneDrive\Documentos\NetBeansProjects\MinsaFlatLaf\build\classes\Vista\ProgramaView.class", "Java", 0, 78, 0, 0, 0, 78
"c:\Users\LEnovo\OneDrive\Documentos\NetBeansProjects\MinsaFlatLaf\build\classes\Vista\ReportesView.class", "Java", 0, 6, 0, 0, 0, 6
"c:\Users\LEnovo\OneDrive\Documentos\NetBeansProjects\MinsaFlatLaf\build\classes\Vista\UsuarioForm.class", "Java", 0, 24, 0, 0, 0, 24
"c:\Users\LEnovo\OneDrive\Documentos\NetBeansProjects\MinsaFlatLaf\build\classes\Vista\UsuarioView$1.class", "Java", 0, 9, 0, 0, 0, 9
"c:\Users\LEnovo\OneDrive\Documentos\NetBeansProjects\MinsaFlatLaf\build\classes\Vista\UsuarioView$2.class", "Java", 0, 15, 0, 3, 0, 18
"c:\Users\LEnovo\OneDrive\Documentos\NetBeansProjects\MinsaFlatLaf\build\classes\Vista\UsuarioView$3.class", "Java", 0, 13, 0, 0, 0, 13
"c:\Users\LEnovo\OneDrive\Documentos\NetBeansProjects\MinsaFlatLaf\build\classes\Vista\UsuarioView$4.class", "Java", 0, 16, 0, 0, 0, 16
"c:\Users\LEnovo\OneDrive\Documentos\NetBeansProjects\MinsaFlatLaf\build\classes\Vista\UsuarioView$AccionesCellRenderer.class", "Java", 0, 44, 0, 0, 0, 44
"c:\Users\LEnovo\OneDrive\Documentos\NetBeansProjects\MinsaFlatLaf\build\classes\Vista\UsuarioView$EstadoCellRenderer.class", "Java", 0, 25, 0, 0, 0, 25
"c:\Users\LEnovo\OneDrive\Documentos\NetBeansProjects\MinsaFlatLaf\build\classes\Vista\UsuarioView.class", "Java", 0, 221, 0, 0, 0, 221
"c:\Users\LEnovo\OneDrive\Documentos\NetBeansProjects\MinsaFlatLaf\nbproject\build-impl.xml", "XML", 1633, 0, 0, 138, 1, 1772
"c:\Users\LEnovo\OneDrive\Documentos\NetBeansProjects\MinsaFlatLaf\nbproject\genfiles.properties", "Java Properties", 0, 0, 6, 2, 1, 9
"c:\Users\LEnovo\OneDrive\Documentos\NetBeansProjects\MinsaFlatLaf\nbproject\private\private.properties", "Java Properties", 0, 0, 2, 0, 1, 3
"c:\Users\LEnovo\OneDrive\Documentos\NetBeansProjects\MinsaFlatLaf\nbproject\private\private.xml", "XML", 19, 0, 0, 0, 1, 20
"c:\Users\LEnovo\OneDrive\Documentos\NetBeansProjects\MinsaFlatLaf\nbproject\project.properties", "Java Properties", 0, 0, 87, 12, 1, 100
"c:\Users\LEnovo\OneDrive\Documentos\NetBeansProjects\MinsaFlatLaf\nbproject\project.xml", "XML", 15, 0, 0, 0, 1, 16
"c:\Users\LEnovo\OneDrive\Documentos\NetBeansProjects\MinsaFlatLaf\src\Dao\Conexion.java", "Java", 0, 24, 0, 8, 7, 39
"c:\Users\LEnovo\OneDrive\Documentos\NetBeansProjects\MinsaFlatLaf\src\Dao\ParticipanteDAO.java", "Java", 0, 99, 0, 8, 26, 133
"c:\Users\LEnovo\OneDrive\Documentos\NetBeansProjects\MinsaFlatLaf\src\Dao\ProgramaDAO.java", "Java", 0, 10, 0, 8, 3, 21
"c:\Users\LEnovo\OneDrive\Documentos\NetBeansProjects\MinsaFlatLaf\src\Dao\ProgramaDAOImpl.java", "Java", 0, 82, 0, 8, 13, 103
"c:\Users\LEnovo\OneDrive\Documentos\NetBeansProjects\MinsaFlatLaf\src\Dao\RolAccesoDAO.java", "Java", 0, 8, 0, 4, 4, 16
"c:\Users\LEnovo\OneDrive\Documentos\NetBeansProjects\MinsaFlatLaf\src\Dao\RolAccesoDAOImpl.java", "Java", 0, 51, 0, 4, 16, 71
"c:\Users\LEnovo\OneDrive\Documentos\NetBeansProjects\MinsaFlatLaf\src\Dao\UsuarioDAO.java", "Java", 0, 72, 0, 12, 27, 111
"c:\Users\LEnovo\OneDrive\Documentos\NetBeansProjects\MinsaFlatLaf\src\Modelo\Atencion.java", "Java", 0, 16, 0, 5, 4, 25
"c:\Users\LEnovo\OneDrive\Documentos\NetBeansProjects\MinsaFlatLaf\src\Modelo\Participante.java", "Java", 0, 36, 0, 9, 6, 51
"c:\Users\LEnovo\OneDrive\Documentos\NetBeansProjects\MinsaFlatLaf\src\Modelo\Programa.java", "Java", 0, 18, 0, 9, 5, 32
"c:\Users\LEnovo\OneDrive\Documentos\NetBeansProjects\MinsaFlatLaf\src\Modelo\Usuario.java", "Java", 0, 21, 0, 5, 3, 29
"c:\Users\LEnovo\OneDrive\Documentos\NetBeansProjects\MinsaFlatLaf\src\Vista\AtencionView.java", "Java", 0, 172, 0, 9, 38, 219
"c:\Users\LEnovo\OneDrive\Documentos\NetBeansProjects\MinsaFlatLaf\src\Vista\ConfiguracionPanel.java", "Java", 0, 64, 0, 9, 22, 95
"c:\Users\LEnovo\OneDrive\Documentos\NetBeansProjects\MinsaFlatLaf\src\Vista\DashboardFrame.java", "Java", 0, 420, 0, 9, 104, 533
"c:\Users\LEnovo\OneDrive\Documentos\NetBeansProjects\MinsaFlatLaf\src\Vista\FormularioAtencion.java", "Java", 0, 137, 0, 17, 44, 198
"c:\Users\LEnovo\OneDrive\Documentos\NetBeansProjects\MinsaFlatLaf\src\Vista\InicioView.java", "Java", 0, 4, 0, 8, 4, 16
"c:\Users\LEnovo\OneDrive\Documentos\NetBeansProjects\MinsaFlatLaf\src\Vista\Login.java", "Java", 0, 170, 0, 14, 43, 227
"c:\Users\LEnovo\OneDrive\Documentos\NetBeansProjects\MinsaFlatLaf\src\Vista\NotificacionView.java", "Java", 0, 69, 0, 8, 14, 91
"c:\Users\LEnovo\OneDrive\Documentos\NetBeansProjects\MinsaFlatLaf\src\Vista\ParticipanteForm.java", "Java", 0, 57, 0, 9, 19, 85
"c:\Users\LEnovo\OneDrive\Documentos\NetBeansProjects\MinsaFlatLaf\src\Vista\ParticipanteView.java", "Java", 0, 116, 0, 12, 27, 155
"c:\Users\LEnovo\OneDrive\Documentos\NetBeansProjects\MinsaFlatLaf\src\Vista\ProgramaForm.java", "Java", 0, 90, 0, 9, 25, 124
"c:\Users\LEnovo\OneDrive\Documentos\NetBeansProjects\MinsaFlatLaf\src\Vista\ProgramaView.java", "Java", 0, 119, 0, 2, 32, 153
"c:\Users\LEnovo\OneDrive\Documentos\NetBeansProjects\MinsaFlatLaf\src\Vista\RegistroUsuario.java", "Java", 0, 1, 0, 8, 4, 13
"c:\Users\LEnovo\OneDrive\Documentos\NetBeansProjects\MinsaFlatLaf\src\Vista\ReportesView.java", "Java", 0, 4, 0, 8, 4, 16
"c:\Users\LEnovo\OneDrive\Documentos\NetBeansProjects\MinsaFlatLaf\src\Vista\UsuarioForm.java", "Java", 0, 88, 0, 6, 22, 116
"c:\Users\LEnovo\OneDrive\Documentos\NetBeansProjects\MinsaFlatLaf\src\Vista\UsuarioView.java", "Java", 0, 418, 0, 43, 92, 553
"Total", "-", 1672, 4323, 95, 484, 616, 7190