<?xml version="1.0" encoding="UTF-8"?>
<project-private xmlns="http://www.netbeans.org/ns/project-private/1">
    <editor-bookmarks xmlns="http://www.netbeans.org/ns/editor-bookmarks/2" lastBookmarkId="0"/>
    <open-files xmlns="http://www.netbeans.org/ns/projectui-open-files/2">
        <group>
            <file>file:/C:/Users/LEnovo/OneDrive/Documentos/NetBeansProjects/MinsaFlatLaf/src/Vista/ProgramaView.java</file>
            <file>file:/C:/Users/LEnovo/OneDrive/Documentos/NetBeansProjects/MinsaFlatLaf/src/Vista/ReportesView.java</file>
            <file>file:/C:/Users/LEnovo/OneDrive/Documentos/NetBeansProjects/MinsaFlatLaf/src/Vista/InicioView.java</file>
            <file>file:/C:/Users/LEnovo/OneDrive/Documentos/NetBeansProjects/MinsaFlatLaf/src/Vista/Login.java</file>
            <file>file:/C:/Users/LEnovo/OneDrive/Documentos/NetBeansProjects/MinsaFlatLaf/src/Dao/UsuarioDAO.java</file>
            <file>file:/C:/Users/LEnovo/OneDrive/Documentos/NetBeansProjects/MinsaFlatLaf/src/Vista/DashboardFrame.java</file>
            <file>file:/C:/Users/LEnovo/OneDrive/Documentos/NetBeansProjects/MinsaFlatLaf/src/Dao/ProgramaDAOImpl.java</file>
            <file>file:/C:/Users/LEnovo/OneDrive/Documentos/NetBeansProjects/MinsaFlatLaf/src/Dao/RolAccesoDAO.java</file>
            <file>file:/C:/Users/LEnovo/OneDrive/Documentos/NetBeansProjects/MinsaFlatLaf/src/Dao/ProgramaDAO.java</file>
            <file>file:/C:/Users/LEnovo/OneDrive/Documentos/NetBeansProjects/MinsaFlatLaf/src/Dao/RolAccesoDAOImpl.java</file>
            <file>file:/C:/Users/LEnovo/OneDrive/Documentos/NetBeansProjects/MinsaFlatLaf/src/Vista/ProgramaForm.java</file>
        </group>
    </open-files>
</project-private>
