"filename", "language", "XML", "Java Properties", "Java", "comment", "blank", "total"
"c:\Users\LEnovo\OneDrive\Documentos\NetBeansProjects\MinsaFlatLaf\build.xml", "XML", 5, 0, 0, 68, 1, 74
"c:\Users\LEnovo\OneDrive\Documentos\NetBeansProjects\MinsaFlatLaf\build\classes\Dao\Conexion.class", "Java", 0, 0, 17, 0, 0, 17
"c:\Users\LEnovo\OneDrive\Documentos\NetBeansProjects\MinsaFlatLaf\build\classes\Dao\UsuarioDAO.class", "Java", 0, 0, 39, 0, 0, 39
"c:\Users\LEnovo\OneDrive\Documentos\NetBeansProjects\MinsaFlatLaf\build\classes\Modelo\Atencion.class", "Java", 0, 0, 11, 0, 0, 11
"c:\Users\LEnovo\OneDrive\Documentos\NetBeansProjects\MinsaFlatLaf\build\classes\Modelo\Participante.class", "Java", 0, 0, 8, 0, 0, 8
"c:\Users\LEnovo\OneDrive\Documentos\NetBeansProjects\MinsaFlatLaf\build\classes\Modelo\Programa.class", "Java", 0, 0, 11, 0, 0, 11
"c:\Users\LEnovo\OneDrive\Documentos\NetBeansProjects\MinsaFlatLaf\build\classes\Modelo\Usuario.class", "Java", 0, 0, 9, 0, 0, 9
"c:\Users\LEnovo\OneDrive\Documentos\NetBeansProjects\MinsaFlatLaf\build\classes\Vista\AtencionPanel$1.class", "Java", 0, 0, 9, 0, 0, 9
"c:\Users\LEnovo\OneDrive\Documentos\NetBeansProjects\MinsaFlatLaf\build\classes\Vista\AtencionPanel$2.class", "Java", 0, 0, 23, 0, 0, 23
"c:\Users\LEnovo\OneDrive\Documentos\NetBeansProjects\MinsaFlatLaf\build\classes\Vista\AtencionView$1.class", "Java", 0, 0, 9, 0, 0, 9
"c:\Users\LEnovo\OneDrive\Documentos\NetBeansProjects\MinsaFlatLaf\build\classes\Vista\AtencionView$2.class", "Java", 0, 0, 23, 0, 0, 23
"c:\Users\LEnovo\OneDrive\Documentos\NetBeansProjects\MinsaFlatLaf\build\classes\Vista\AtencionView$ModernTableCellRenderer.class", "Java", 0, 0, 21, 0, 1, 22
"c:\Users\LEnovo\OneDrive\Documentos\NetBeansProjects\MinsaFlatLaf\build\classes\Vista\AtencionView.class", "Java", 0, 0, 101, 0, 0, 101
"c:\Users\LEnovo\OneDrive\Documentos\NetBeansProjects\MinsaFlatLaf\build\classes\Vista\ConfiguracionPanel.class", "Java", 0, 0, 73, 0, 0, 73
"c:\Users\LEnovo\OneDrive\Documentos\NetBeansProjects\MinsaFlatLaf\build\classes\Vista\DashboardFrame$1.class", "Java", 0, 0, 15, 0, 0, 15
"c:\Users\LEnovo\OneDrive\Documentos\NetBeansProjects\MinsaFlatLaf\build\classes\Vista\DashboardFrame.class", "Java", 0, 0, 189, 0, 1, 190
"c:\Users\LEnovo\OneDrive\Documentos\NetBeansProjects\MinsaFlatLaf\build\classes\Vista\FormularioAtencion.class", "Java", 0, 0, 118, 0, 0, 118
"c:\Users\LEnovo\OneDrive\Documentos\NetBeansProjects\MinsaFlatLaf\build\classes\Vista\Login$1.class", "Java", 0, 0, 21, 0, 0, 21
"c:\Users\LEnovo\OneDrive\Documentos\NetBeansProjects\MinsaFlatLaf\build\classes\Vista\Login$2.class", "Java", 0, 0, 18, 0, 0, 18
"c:\Users\LEnovo\OneDrive\Documentos\NetBeansProjects\MinsaFlatLaf\build\classes\Vista\Login$3.class", "Java", 0, 0, 23, 0, 0, 23
"c:\Users\LEnovo\OneDrive\Documentos\NetBeansProjects\MinsaFlatLaf\build\classes\Vista\Login.class", "Java", 0, 0, 110, 0, 0, 110
"c:\Users\LEnovo\OneDrive\Documentos\NetBeansProjects\MinsaFlatLaf\build\classes\Vista\LoginForm$1.class", "Java", 0, 0, 19, 0, 0, 19
"c:\Users\LEnovo\OneDrive\Documentos\NetBeansProjects\MinsaFlatLaf\build\classes\Vista\LoginForm.class", "Java", 0, 0, 112, 6, 0, 118
"c:\Users\LEnovo\OneDrive\Documentos\NetBeansProjects\MinsaFlatLaf\build\classes\Vista\NotifficacionButton.class", "Java", 0, 0, 5, 0, 0, 5
"c:\Users\LEnovo\OneDrive\Documentos\NetBeansProjects\MinsaFlatLaf\build\classes\Vista\NotificacionView.class", "Java", 0, 0, 56, 0, 0, 56
"c:\Users\LEnovo\OneDrive\Documentos\NetBeansProjects\MinsaFlatLaf\build\classes\Vista\ParticipanteForm.class", "Java", 0, 0, 78, 0, 0, 78
"c:\Users\LEnovo\OneDrive\Documentos\NetBeansProjects\MinsaFlatLaf\build\classes\Vista\ParticipanteView.class", "Java", 0, 0, 64, 0, 0, 64
"c:\Users\LEnovo\OneDrive\Documentos\NetBeansProjects\MinsaFlatLaf\build\classes\Vista\ProgramaForm.class", "Java", 0, 0, 69, 0, 0, 69
"c:\Users\LEnovo\OneDrive\Documentos\NetBeansProjects\MinsaFlatLaf\build\classes\Vista\ProgramaPanel$1.class", "Java", 0, 0, 7, 0, 0, 7
"c:\Users\LEnovo\OneDrive\Documentos\NetBeansProjects\MinsaFlatLaf\build\classes\Vista\ProgramaPanel$2.class", "Java", 0, 0, 14, 0, 0, 14
"c:\Users\LEnovo\OneDrive\Documentos\NetBeansProjects\MinsaFlatLaf\build\classes\Vista\ProgramaView$1.class", "Java", 0, 0, 7, 0, 0, 7
"c:\Users\LEnovo\OneDrive\Documentos\NetBeansProjects\MinsaFlatLaf\build\classes\Vista\ProgramaView$2.class", "Java", 0, 0, 14, 0, 0, 14
"c:\Users\LEnovo\OneDrive\Documentos\NetBeansProjects\MinsaFlatLaf\build\classes\Vista\ProgramaView.class", "Java", 0, 0, 109, 13, 1, 123
"c:\Users\LEnovo\OneDrive\Documentos\NetBeansProjects\MinsaFlatLaf\build\classes\Vista\UsuarioForm.class", "Java", 0, 0, 77, 0, 0, 77
"c:\Users\LEnovo\OneDrive\Documentos\NetBeansProjects\MinsaFlatLaf\build\classes\Vista\UsuarioView$1.class", "Java", 0, 0, 9, 0, 0, 9
"c:\Users\LEnovo\OneDrive\Documentos\NetBeansProjects\MinsaFlatLaf\build\classes\Vista\UsuarioView$2.class", "Java", 0, 0, 15, 3, 0, 18
"c:\Users\LEnovo\OneDrive\Documentos\NetBeansProjects\MinsaFlatLaf\build\classes\Vista\UsuarioView$3.class", "Java", 0, 0, 13, 0, 0, 13
"c:\Users\LEnovo\OneDrive\Documentos\NetBeansProjects\MinsaFlatLaf\build\classes\Vista\UsuarioView$4.class", "Java", 0, 0, 16, 0, 0, 16
"c:\Users\LEnovo\OneDrive\Documentos\NetBeansProjects\MinsaFlatLaf\build\classes\Vista\UsuarioView$AccionesCellRenderer.class", "Java", 0, 0, 44, 0, 0, 44
"c:\Users\LEnovo\OneDrive\Documentos\NetBeansProjects\MinsaFlatLaf\build\classes\Vista\UsuarioView$EstadoCellRenderer.class", "Java", 0, 0, 25, 0, 0, 25
"c:\Users\LEnovo\OneDrive\Documentos\NetBeansProjects\MinsaFlatLaf\build\classes\Vista\UsuarioView.class", "Java", 0, 0, 225, 0, 0, 225
"c:\Users\LEnovo\OneDrive\Documentos\NetBeansProjects\MinsaFlatLaf\nbproject\build-impl.xml", "XML", 1633, 0, 0, 138, 1, 1772
"c:\Users\LEnovo\OneDrive\Documentos\NetBeansProjects\MinsaFlatLaf\nbproject\genfiles.properties", "Java Properties", 0, 6, 0, 2, 1, 9
"c:\Users\LEnovo\OneDrive\Documentos\NetBeansProjects\MinsaFlatLaf\nbproject\private\private.properties", "Java Properties", 0, 2, 0, 0, 1, 3
"c:\Users\LEnovo\OneDrive\Documentos\NetBeansProjects\MinsaFlatLaf\nbproject\private\private.xml", "XML", 11, 0, 0, 0, 1, 12
"c:\Users\LEnovo\OneDrive\Documentos\NetBeansProjects\MinsaFlatLaf\nbproject\project.properties", "Java Properties", 0, 85, 0, 12, 1, 98
"c:\Users\LEnovo\OneDrive\Documentos\NetBeansProjects\MinsaFlatLaf\nbproject\project.xml", "XML", 15, 0, 0, 0, 1, 16
"c:\Users\LEnovo\OneDrive\Documentos\NetBeansProjects\MinsaFlatLaf\src\Dao\Conexion.java", "Java", 0, 0, 24, 8, 7, 39
"c:\Users\LEnovo\OneDrive\Documentos\NetBeansProjects\MinsaFlatLaf\src\Dao\UsuarioDAO.java", "Java", 0, 0, 72, 12, 27, 111
"c:\Users\LEnovo\OneDrive\Documentos\NetBeansProjects\MinsaFlatLaf\src\Modelo\Atencion.java", "Java", 0, 0, 16, 5, 4, 25
"c:\Users\LEnovo\OneDrive\Documentos\NetBeansProjects\MinsaFlatLaf\src\Modelo\Participante.java", "Java", 0, 0, 34, 9, 4, 47
"c:\Users\LEnovo\OneDrive\Documentos\NetBeansProjects\MinsaFlatLaf\src\Modelo\Programa.java", "Java", 0, 0, 15, 9, 5, 29
"c:\Users\LEnovo\OneDrive\Documentos\NetBeansProjects\MinsaFlatLaf\src\Modelo\Usuario.java", "Java", 0, 0, 21, 5, 3, 29
"c:\Users\LEnovo\OneDrive\Documentos\NetBeansProjects\MinsaFlatLaf\src\Vista\AtencionView.java", "Java", 0, 0, 167, 34, 35, 236
"c:\Users\LEnovo\OneDrive\Documentos\NetBeansProjects\MinsaFlatLaf\src\Vista\ConfiguracionPanel.java", "Java", 0, 0, 64, 9, 22, 95
"c:\Users\LEnovo\OneDrive\Documentos\NetBeansProjects\MinsaFlatLaf\src\Vista\DashboardFrame.java", "Java", 0, 0, 352, 38, 101, 491
"c:\Users\LEnovo\OneDrive\Documentos\NetBeansProjects\MinsaFlatLaf\src\Vista\FormularioAtencion.java", "Java", 0, 0, 145, 21, 46, 212
"c:\Users\LEnovo\OneDrive\Documentos\NetBeansProjects\MinsaFlatLaf\src\Vista\Login.java", "Java", 0, 0, 157, 14, 41, 212
"c:\Users\LEnovo\OneDrive\Documentos\NetBeansProjects\MinsaFlatLaf\src\Vista\NotificacionView.java", "Java", 0, 0, 69, 8, 14, 91
"c:\Users\LEnovo\OneDrive\Documentos\NetBeansProjects\MinsaFlatLaf\src\Vista\ParticipanteForm.java", "Java", 0, 0, 107, 8, 27, 142
"c:\Users\LEnovo\OneDrive\Documentos\NetBeansProjects\MinsaFlatLaf\src\Vista\ParticipanteView.java", "Java", 0, 0, 119, 11, 36, 166
"c:\Users\LEnovo\OneDrive\Documentos\NetBeansProjects\MinsaFlatLaf\src\Vista\ProgramaForm.java", "Java", 0, 0, 69, 10, 19, 98
"c:\Users\LEnovo\OneDrive\Documentos\NetBeansProjects\MinsaFlatLaf\src\Vista\ProgramaView.java", "Java", 0, 0, 153, 13, 33, 199
"c:\Users\LEnovo\OneDrive\Documentos\NetBeansProjects\MinsaFlatLaf\src\Vista\RegistroUsuario.java", "Java", 0, 0, 1, 8, 4, 13
"c:\Users\LEnovo\OneDrive\Documentos\NetBeansProjects\MinsaFlatLaf\src\Vista\UsuarioForm.java", "Java", 0, 0, 74, 10, 20, 104
"c:\Users\LEnovo\OneDrive\Documentos\NetBeansProjects\MinsaFlatLaf\src\Vista\UsuarioView.java", "Java", 0, 0, 418, 43, 92, 553
"Total", "-", 1664, 93, 3903, 517, 550, 6727