{"file:///c%3A/Users/LEnovo/OneDrive/Documentos/NetBeansProjects/MinsaFlatLaf/nbproject/project.xml":{"language":"XML","code":15,"comment":0,"blank":1},"file:///c%3A/Users/LEnovo/OneDrive/Documentos/NetBeansProjects/MinsaFlatLaf/nbproject/genfiles.properties":{"language":"Java Properties","code":6,"comment":2,"blank":1},"file:///c%3A/Users/LEnovo/OneDrive/Documentos/NetBeansProjects/MinsaFlatLaf/src/Vista/ParticipanteView.java":{"language":"Java","code":119,"comment":11,"blank":36},"file:///c%3A/Users/LEnovo/OneDrive/Documentos/NetBeansProjects/MinsaFlatLaf/src/Vista/ParticipanteForm.java":{"language":"Java","code":107,"comment":8,"blank":27},"file:///c%3A/Users/LEnovo/OneDrive/Documentos/NetBeansProjects/MinsaFlatLaf/src/Vista/NotificacionView.java":{"language":"Java","code":69,"comment":8,"blank":14},"file:///c%3A/Users/LEnovo/OneDrive/Documentos/NetBeansProjects/MinsaFlatLaf/nbproject/project.properties":{"language":"Java Properties","code":85,"comment":12,"blank":1},"file:///c%3A/Users/LEnovo/OneDrive/Documentos/NetBeansProjects/MinsaFlatLaf/build.xml":{"language":"XML","code":5,"comment":68,"blank":1},"file:///c%3A/Users/LEnovo/OneDrive/Documentos/NetBeansProjects/MinsaFlatLaf/src/Vista/Login.java":{"language":"Java","code":157,"comment":14,"blank":41},"file:///c%3A/Users/LEnovo/OneDrive/Documentos/NetBeansProjects/MinsaFlatLaf/src/Vista/ProgramaForm.java":{"language":"Java","code":69,"comment":10,"blank":19},"file:///c%3A/Users/LEnovo/OneDrive/Documentos/NetBeansProjects/MinsaFlatLaf/src/Vista/DashboardFrame.java":{"language":"Java","code":352,"comment":38,"blank":101},"file:///c%3A/Users/LEnovo/OneDrive/Documentos/NetBeansProjects/MinsaFlatLaf/src/Vista/ConfiguracionPanel.java":{"language":"Java","code":64,"comment":9,"blank":22},"file:///c%3A/Users/LEnovo/OneDrive/Documentos/NetBeansProjects/MinsaFlatLaf/src/Vista/AtencionView.java":{"language":"Java","code":167,"comment":34,"blank":35},"file:///c%3A/Users/LEnovo/OneDrive/Documentos/NetBeansProjects/MinsaFlatLaf/nbproject/private/private.properties":{"language":"Java Properties","code":2,"comment":0,"blank":1},"file:///c%3A/Users/LEnovo/OneDrive/Documentos/NetBeansProjects/MinsaFlatLaf/src/Modelo/Usuario.java":{"language":"Java","code":21,"comment":5,"blank":3},"file:///c%3A/Users/LEnovo/OneDrive/Documentos/NetBeansProjects/MinsaFlatLaf/nbproject/build-impl.xml":{"language":"XML","code":1633,"comment":138,"blank":1},"file:///c%3A/Users/LEnovo/OneDrive/Documentos/NetBeansProjects/MinsaFlatLaf/src/Modelo/Programa.java":{"language":"Java","code":15,"comment":9,"blank":5},"file:///c%3A/Users/LEnovo/OneDrive/Documentos/NetBeansProjects/MinsaFlatLaf/src/Vista/UsuarioView.java":{"language":"Java","code":418,"comment":43,"blank":92},"file:///c%3A/Users/LEnovo/OneDrive/Documentos/NetBeansProjects/MinsaFlatLaf/src/Modelo/Participante.java":{"language":"Java","code":34,"comment":9,"blank":4},"file:///c%3A/Users/LEnovo/OneDrive/Documentos/NetBeansProjects/MinsaFlatLaf/src/Vista/UsuarioForm.java":{"language":"Java","code":74,"comment":10,"blank":20},"file:///c%3A/Users/LEnovo/OneDrive/Documentos/NetBeansProjects/MinsaFlatLaf/src/Vista/RegistroUsuario.java":{"language":"Java","code":1,"comment":8,"blank":4},"file:///c%3A/Users/LEnovo/OneDrive/Documentos/NetBeansProjects/MinsaFlatLaf/nbproject/private/private.xml":{"language":"XML","code":11,"comment":0,"blank":1},"file:///c%3A/Users/LEnovo/OneDrive/Documentos/NetBeansProjects/MinsaFlatLaf/src/Vista/ProgramaView.java":{"language":"Java","code":153,"comment":13,"blank":33},"file:///c%3A/Users/LEnovo/OneDrive/Documentos/NetBeansProjects/MinsaFlatLaf/src/Vista/FormularioAtencion.java":{"language":"Java","code":145,"comment":21,"blank":46},"file:///c%3A/Users/LEnovo/OneDrive/Documentos/NetBeansProjects/MinsaFlatLaf/src/Modelo/Atencion.java":{"language":"Java","code":16,"comment":5,"blank":4},"file:///c%3A/Users/LEnovo/OneDrive/Documentos/NetBeansProjects/MinsaFlatLaf/build/classes/Vista/ProgramaPanel%242.class":{"language":"Java","code":14,"comment":0,"blank":0},"file:///c%3A/Users/LEnovo/OneDrive/Documentos/NetBeansProjects/MinsaFlatLaf/build/classes/Vista/ProgramaView%241.class":{"language":"Java","code":7,"comment":0,"blank":0},"file:///c%3A/Users/LEnovo/OneDrive/Documentos/NetBeansProjects/MinsaFlatLaf/build/classes/Vista/ParticipanteForm.class":{"language":"Java","code":78,"comment":0,"blank":0},"file:///c%3A/Users/LEnovo/OneDrive/Documentos/NetBeansProjects/MinsaFlatLaf/build/classes/Vista/ParticipanteView.class":{"language":"Java","code":64,"comment":0,"blank":0},"file:///c%3A/Users/LEnovo/OneDrive/Documentos/NetBeansProjects/MinsaFlatLaf/build/classes/Vista/NotificacionView.class":{"language":"Java","code":56,"comment":0,"blank":0},"file:///c%3A/Users/LEnovo/OneDrive/Documentos/NetBeansProjects/MinsaFlatLaf/build/classes/Vista/ProgramaView%242.class":{"language":"Java","code":14,"comment":0,"blank":0},"file:///c%3A/Users/LEnovo/OneDrive/Documentos/NetBeansProjects/MinsaFlatLaf/build/classes/Vista/ProgramaForm.class":{"language":"Java","code":69,"comment":0,"blank":0},"file:///c%3A/Users/LEnovo/OneDrive/Documentos/NetBeansProjects/MinsaFlatLaf/build/classes/Vista/ProgramaPanel%241.class":{"language":"Java","code":7,"comment":0,"blank":0},"file:///c%3A/Users/LEnovo/OneDrive/Documentos/NetBeansProjects/MinsaFlatLaf/build/classes/Vista/LoginForm%241.class":{"language":"Java","code":19,"comment":0,"blank":0},"file:///c%3A/Users/LEnovo/OneDrive/Documentos/NetBeansProjects/MinsaFlatLaf/build/classes/Vista/Login%243.class":{"language":"Java","code":23,"comment":0,"blank":0},"file:///c%3A/Users/LEnovo/OneDrive/Documentos/NetBeansProjects/MinsaFlatLaf/build/classes/Vista/NotifficacionButton.class":{"language":"Java","code":5,"comment":0,"blank":0},"file:///c%3A/Users/LEnovo/OneDrive/Documentos/NetBeansProjects/MinsaFlatLaf/build/classes/Vista/Login%241.class":{"language":"Java","code":21,"comment":0,"blank":0},"file:///c%3A/Users/LEnovo/OneDrive/Documentos/NetBeansProjects/MinsaFlatLaf/build/classes/Vista/Login.class":{"language":"Java","code":110,"comment":0,"blank":0},"file:///c%3A/Users/LEnovo/OneDrive/Documentos/NetBeansProjects/MinsaFlatLaf/build/classes/Vista/DashboardFrame.class":{"language":"Java","code":189,"comment":0,"blank":1},"file:///c%3A/Users/LEnovo/OneDrive/Documentos/NetBeansProjects/MinsaFlatLaf/build/classes/Vista/LoginForm.class":{"language":"Java","code":112,"comment":6,"blank":0},"file:///c%3A/Users/LEnovo/OneDrive/Documentos/NetBeansProjects/MinsaFlatLaf/build/classes/Vista/FormularioAtencion.class":{"language":"Java","code":118,"comment":0,"blank":0},"file:///c%3A/Users/LEnovo/OneDrive/Documentos/NetBeansProjects/MinsaFlatLaf/build/classes/Vista/Login%242.class":{"language":"Java","code":18,"comment":0,"blank":0},"file:///c%3A/Users/LEnovo/OneDrive/Documentos/NetBeansProjects/MinsaFlatLaf/build/classes/Vista/DashboardFrame%241.class":{"language":"Java","code":15,"comment":0,"blank":0},"file:///c%3A/Users/LEnovo/OneDrive/Documentos/NetBeansProjects/MinsaFlatLaf/build/classes/Modelo/Participante.class":{"language":"Java","code":8,"comment":0,"blank":0},"file:///c%3A/Users/LEnovo/OneDrive/Documentos/NetBeansProjects/MinsaFlatLaf/build/classes/Modelo/Usuario.class":{"language":"Java","code":9,"comment":0,"blank":0},"file:///c%3A/Users/LEnovo/OneDrive/Documentos/NetBeansProjects/MinsaFlatLaf/build/classes/Modelo/Programa.class":{"language":"Java","code":11,"comment":0,"blank":0},"file:///c%3A/Users/LEnovo/OneDrive/Documentos/NetBeansProjects/MinsaFlatLaf/build/classes/Vista/AtencionView.class":{"language":"Java","code":101,"comment":0,"blank":0},"file:///c%3A/Users/LEnovo/OneDrive/Documentos/NetBeansProjects/MinsaFlatLaf/build/classes/Modelo/Atencion.class":{"language":"Java","code":11,"comment":0,"blank":0},"file:///c%3A/Users/LEnovo/OneDrive/Documentos/NetBeansProjects/MinsaFlatLaf/build/classes/Vista/AtencionView%241.class":{"language":"Java","code":9,"comment":0,"blank":0},"file:///c%3A/Users/LEnovo/OneDrive/Documentos/NetBeansProjects/MinsaFlatLaf/build/classes/Vista/AtencionView%242.class":{"language":"Java","code":23,"comment":0,"blank":0},"file:///c%3A/Users/LEnovo/OneDrive/Documentos/NetBeansProjects/MinsaFlatLaf/build/classes/Vista/ConfiguracionPanel.class":{"language":"Java","code":73,"comment":0,"blank":0},"file:///c%3A/Users/LEnovo/OneDrive/Documentos/NetBeansProjects/MinsaFlatLaf/build/classes/Vista/UsuarioView%24EstadoCellRenderer.class":{"language":"Java","code":25,"comment":0,"blank":0},"file:///c%3A/Users/LEnovo/OneDrive/Documentos/NetBeansProjects/MinsaFlatLaf/build/classes/Vista/AtencionView%24ModernTableCellRenderer.class":{"language":"Java","code":21,"comment":0,"blank":1},"file:///c%3A/Users/LEnovo/OneDrive/Documentos/NetBeansProjects/MinsaFlatLaf/build/classes/Vista/UsuarioView%24AccionesCellRenderer.class":{"language":"Java","code":44,"comment":0,"blank":0},"file:///c%3A/Users/LEnovo/OneDrive/Documentos/NetBeansProjects/MinsaFlatLaf/build/classes/Vista/UsuarioView%244.class":{"language":"Java","code":16,"comment":0,"blank":0},"file:///c%3A/Users/LEnovo/OneDrive/Documentos/NetBeansProjects/MinsaFlatLaf/build/classes/Vista/AtencionPanel%242.class":{"language":"Java","code":23,"comment":0,"blank":0},"file:///c%3A/Users/LEnovo/OneDrive/Documentos/NetBeansProjects/MinsaFlatLaf/build/classes/Vista/UsuarioView%242.class":{"language":"Java","code":15,"comment":3,"blank":0},"file:///c%3A/Users/LEnovo/OneDrive/Documentos/NetBeansProjects/MinsaFlatLaf/build/classes/Vista/AtencionPanel%241.class":{"language":"Java","code":9,"comment":0,"blank":0},"file:///c%3A/Users/LEnovo/OneDrive/Documentos/NetBeansProjects/MinsaFlatLaf/build/classes/Vista/ProgramaView.class":{"language":"Java","code":109,"comment":13,"blank":1},"file:///c%3A/Users/LEnovo/OneDrive/Documentos/NetBeansProjects/MinsaFlatLaf/build/classes/Vista/UsuarioForm.class":{"language":"Java","code":77,"comment":0,"blank":0},"file:///c%3A/Users/LEnovo/OneDrive/Documentos/NetBeansProjects/MinsaFlatLaf/build/classes/Vista/UsuarioView.class":{"language":"Java","code":225,"comment":0,"blank":0},"file:///c%3A/Users/LEnovo/OneDrive/Documentos/NetBeansProjects/MinsaFlatLaf/src/Dao/Conexion.java":{"language":"Java","code":24,"comment":8,"blank":7},"file:///c%3A/Users/LEnovo/OneDrive/Documentos/NetBeansProjects/MinsaFlatLaf/build/classes/Dao/UsuarioDAO.class":{"language":"Java","code":39,"comment":0,"blank":0},"file:///c%3A/Users/LEnovo/OneDrive/Documentos/NetBeansProjects/MinsaFlatLaf/src/Dao/UsuarioDAO.java":{"language":"Java","code":72,"comment":12,"blank":27},"file:///c%3A/Users/LEnovo/OneDrive/Documentos/NetBeansProjects/MinsaFlatLaf/build/classes/Vista/UsuarioView%243.class":{"language":"Java","code":13,"comment":0,"blank":0},"file:///c%3A/Users/LEnovo/OneDrive/Documentos/NetBeansProjects/MinsaFlatLaf/build/classes/Vista/UsuarioView%241.class":{"language":"Java","code":9,"comment":0,"blank":0},"file:///c%3A/Users/LEnovo/OneDrive/Documentos/NetBeansProjects/MinsaFlatLaf/build/classes/Dao/Conexion.class":{"language":"Java","code":17,"comment":0,"blank":0}}